name,competitor_type,notes
Anastasia Markham,Person,Former procurement head; monitor for conflict of interest.
Rafael Ionescu,Person,Political advisor; check sanctions lists and PEP status.
Lina Patel,Person,Investor; review beneficial ownership ties.
Daniel Okoro,Person,Media executive; reputational risk screening.
Hannah Brooks,Person,NGO director; cross-check grant compliance history.
Kofi Mensah,Person,Ex-minister; enhanced due diligence recommended.
Mila Kovac,Person,Consultant; verify past litigation and disputes.
Tariq Hassan,Person,Board member; watch for related-party transactions.
Lucia Romano,Person,Logistics partner; verify regulatory compliance.
Jonas Leclerc,Person,Union leader; monitor strike-related disputes.
Aurora Capital Partners,Company,Private equity fund; verify LP/GP structure.
BlueRiver Logistics,Company,Transport vendor; check safety and sanctions exposure.
Cedarline Infrastructure,Company,Public works contractor; review bid history.
Delta Horizon Energy,Company,Energy supplier; verify environmental compliance.
Everlight Health Systems,Company,Healthcare operator; confirm license status.
Fjordline Media Group,Company,Media conglomerate; reputational screening.
GreenStone Housing,Company,Real estate developer; verify zoning disputes.
HarborBridge Analytics,Company,Data vendor; assess data privacy posture.
IronGate Security,Company,Security contractor; check export controls.
Juniper Microfinance,Company,Financial services; verify AML policies.
Kepler AgriTech,Company,Agriculture supplier; verify labor practices.
Northwind Telecom,Company,Telecom vendor; check network compliance.
Orchard Labs,Company,Biotech startup; validate IP ownership.
Pioneer Civic Tech,Company,Civic platform; check open source obligations.
Silvercrest Holdings,Company,Holding company; map beneficial owners.
